{
  "C:\\code\\ollama-rag\\app\\data\\AQA-7404-7405-GCSE-A-LEVEL-PROGRESSION-ANSWERS.PDF": {
    "file_id": "04783d0151e970cf097b4c93977107b3bcf8ad47",
    "mtime": 1762011031.2053263,
    "size": 703883
  },
  "C:\\code\\ollama-rag\\app\\data\\Critical Listening - O Lord My Rock and My Redeemer.pdf": {
    "file_id": "5f37e604ccb74049737b9c8678f04c7954485aa3",
    "mtime": 1761044850.6243227,
    "size": 152670
  }
}